,inside_18,first_touch,bodypart_Head,bodypart_Left Foot,bodypart_Other,bodypart_Right Foot,technique_Ground,technique_Volley,assist_Ground Pass,assist_High Pass,assist_Low Pass,assist_Unassisted,state_of_play_Open Play - Shot,state_of_play_Set Piece - Direct Free Kick,state_of_play_Set Piece - Penalty,time,shot_distance,shot_angle
0,1,1,0.0,0.0,0.0,1.0,0.0,1.0,0.0,0.0,1.0,0.0,1.0,0.0,0.0,-1.6954872615083136,-0.5012136604450097,-1.0625207019943332
1,1,1,0.0,1.0,0.0,0.0,0.0,1.0,0.0,1.0,0.0,0.0,1.0,0.0,0.0,-1.5556735616626804,-0.9638756101648175,-1.1541171050540247
2,0,0,0.0,0.0,0.0,1.0,1.0,0.0,1.0,0.0,0.0,0.0,1.0,0.0,0.0,-1.415859861817047,1.0876777659400962,-0.9212497605981949
3,1,1,0.0,1.0,0.0,0.0,1.0,0.0,1.0,0.0,0.0,0.0,1.0,0.0,0.0,-1.415859861817047,-0.4547383164068084,-1.8222827160881996
4,0,0,0.0,0.0,0.0,1.0,1.0,0.0,1.0,0.0,0.0,0.0,1.0,0.0,0.0,-1.3459530118942304,2.1300850791670514,-0.41646456756077344
5,0,0,0.0,0.0,0.0,1.0,1.0,0.0,1.0,0.0,0.0,0.0,1.0,0.0,0.0,-1.2760461619714139,0.299192942480424,-0.48422867766136013
6,0,0,0.0,1.0,0.0,0.0,1.0,0.0,1.0,0.0,0.0,0.0,1.0,0.0,0.0,-1.2061393120485973,1.6903697809309914,-0.9884395985792852
7,1,0,0.0,0.0,0.0,1.0,1.0,0.0,0.0,0.0,0.0,1.0,1.0,0.0,0.0,-0.9964187622801473,-0.13715876014762562,-0.5135165557556814
8,1,0,0.0,0.0,0.0,1.0,1.0,0.0,1.0,0.0,0.0,0.0,1.0,0.0,0.0,-0.9964187622801473,0.1287603820010463,1.3034804303312373
9,0,0,0.0,0.0,0.0,1.0,1.0,0.0,1.0,0.0,0.0,0.0,1.0,0.0,0.0,-0.9964187622801473,1.3090182152854766,-1.0188760209125993
10,0,0,0.0,0.0,0.0,1.0,1.0,0.0,1.0,0.0,0.0,0.0,1.0,0.0,0.0,-0.856605062434514,0.47955707590491636,-0.9694886186359006
11,0,0,0.0,0.0,0.0,1.0,0.0,1.0,1.0,0.0,0.0,0.0,1.0,0.0,0.0,-0.646884512666064,1.5537834756279834,-0.5743894004223102
12,0,1,0.0,1.0,0.0,0.0,1.0,0.0,0.0,1.0,0.0,0.0,1.0,0.0,0.0,-0.5070708128204306,0.9960245794484313,-0.6332522926707013
13,1,1,0.0,1.0,0.0,0.0,1.0,0.0,1.0,0.0,0.0,0.0,1.0,0.0,0.0,-0.08762971328353077,-0.8921600863635718,-0.8339603984347272
14,1,1,0.0,0.0,0.0,1.0,1.0,0.0,0.0,1.0,0.0,0.0,1.0,0.0,0.0,0.19199768640773582,0.03869282791936258,1.2276765105576992
15,1,1,0.0,0.0,0.0,1.0,1.0,0.0,0.0,0.0,1.0,0.0,1.0,0.0,0.0,0.4017182361761858,-0.5665354564830708,1.3586105538029007
16,1,0,1.0,0.0,0.0,0.0,1.0,0.0,0.0,1.0,0.0,0.0,1.0,0.0,0.0,0.9609730355587189,-1.184335216751483,-0.3286009332778092
17,1,0,1.0,0.0,0.0,0.0,1.0,0.0,0.0,1.0,0.0,0.0,1.0,0.0,0.0,0.9609730355587189,-1.1567545645718147,0.7289211747749913
18,1,0,0.0,0.0,0.0,1.0,1.0,0.0,0.0,1.0,0.0,0.0,1.0,0.0,0.0,1.380414135095619,0.6008170598234686,-1.5684544392707478
19,0,0,0.0,0.0,0.0,1.0,1.0,0.0,0.0,0.0,0.0,1.0,1.0,0.0,0.0,1.4503209850184355,0.2857032042819056,-0.12128869813957356
20,1,0,1.0,0.0,0.0,0.0,1.0,0.0,0.0,0.0,0.0,1.0,1.0,0.0,0.0,1.5202278349412521,-1.410623073527349,0.6539786631806983
21,1,0,0.0,0.0,0.0,1.0,1.0,0.0,0.0,0.0,0.0,1.0,0.0,0.0,1.0,-1.625580411585497,-0.6653793679035443,-0.05725735681571396
22,1,0,0.0,0.0,0.0,1.0,1.0,0.0,1.0,0.0,0.0,0.0,1.0,0.0,0.0,-0.5070708128204306,-0.36656808063591756,1.4246518475449983
23,1,1,0.0,1.0,0.0,0.0,1.0,0.0,0.0,0.0,0.0,1.0,1.0,0.0,0.0,-0.5070708128204306,0.05071199637058729,0.9505902129006394
24,1,1,0.0,0.0,0.0,1.0,0.0,1.0,0.0,1.0,0.0,0.0,1.0,0.0,0.0,-0.08762971328353077,-0.7809642272760889,1.4125921330355715
25,0,0,0.0,1.0,0.0,0.0,1.0,0.0,1.0,0.0,0.0,0.0,1.0,0.0,0.0,0.05218398656210253,0.9948570573714431,0.03922035925969764
26,1,0,1.0,0.0,0.0,0.0,1.0,0.0,0.0,1.0,0.0,0.0,1.0,0.0,0.0,0.8211593357130856,-0.8894655271738353,0.14172793258982228
27,0,0,0.0,1.0,0.0,0.0,1.0,0.0,1.0,0.0,0.0,0.0,1.0,0.0,0.0,0.8910661856359023,1.2175591095706295,1.263855654085979
28,1,0,0.0,1.0,0.0,0.0,1.0,0.0,1.0,0.0,0.0,0.0,1.0,0.0,0.0,0.8910661856359023,0.051373919097266074,-0.8420002081076782
29,1,1,0.0,0.0,0.0,1.0,0.0,1.0,0.0,0.0,1.0,0.0,1.0,0.0,0.0,0.8910661856359023,-1.206071151852009,-0.89253615462337
30,1,1,0.0,1.0,0.0,0.0,0.0,1.0,0.0,0.0,0.0,1.0,1.0,0.0,0.0,0.8910661856359023,-1.0521135990541346,-1.6566052096134603
31,1,0,1.0,0.0,0.0,0.0,1.0,0.0,0.0,1.0,0.0,0.0,1.0,0.0,0.0,1.1007867354043523,-0.8419832258722955,0.11789563963071768
32,0,0,0.0,1.0,0.0,0.0,1.0,0.0,1.0,0.0,0.0,0.0,1.0,0.0,0.0,1.2406004352499855,0.5559994522024034,0.8879945518755213
33,0,0,0.0,0.0,0.0,1.0,1.0,0.0,1.0,0.0,0.0,0.0,1.0,0.0,0.0,1.4503209850184355,1.2181722560276775,-1.092095716148403
34,0,1,0.0,0.0,0.0,1.0,1.0,0.0,1.0,0.0,0.0,0.0,1.0,0.0,0.0,1.6600415347868855,0.12690935450086613,-0.152012256532636
35,0,0,0.0,0.0,0.0,1.0,1.0,0.0,1.0,0.0,0.0,0.0,1.0,0.0,0.0,1.7998552346325187,0.7998746448326788,1.078940031608107
36,1,0,0.0,1.0,0.0,0.0,0.0,1.0,0.0,0.0,1.0,0.0,1.0,0.0,0.0,-1.625580411585497,-0.4805040689179708,-1.0042320818654389
37,1,1,0.0,1.0,0.0,0.0,1.0,0.0,1.0,0.0,0.0,0.0,1.0,0.0,0.0,-1.415859861817047,-0.9558351745885598,-1.3510924420413233
38,1,0,0.0,0.0,0.0,1.0,1.0,0.0,1.0,0.0,0.0,0.0,1.0,0.0,0.0,-1.415859861817047,-0.44047356230002604,1.8737326449912592
39,1,0,0.0,0.0,0.0,1.0,1.0,0.0,1.0,0.0,0.0,0.0,1.0,0.0,0.0,-1.3459530118942304,0.44870611135885835,1.2210723811834898
40,0,1,0.0,0.0,0.0,1.0,0.0,1.0,0.0,0.0,1.0,0.0,1.0,0.0,0.0,-0.9964187622801473,0.8845812913573768,0.21293767540738812
41,1,0,0.0,0.0,0.0,1.0,1.0,0.0,0.0,0.0,0.0,1.0,1.0,0.0,0.0,0.05218398656210253,0.23139319615000098,1.2635685180262304
42,1,1,0.0,0.0,0.0,1.0,1.0,0.0,1.0,0.0,0.0,0.0,1.0,0.0,0.0,0.19199768640773582,-0.5266825899962364,0.030032005347753465
43,1,1,0.0,0.0,0.0,1.0,0.0,1.0,0.0,0.0,0.0,1.0,1.0,0.0,0.0,0.4017182361761858,-1.0202122314443958,0.29649426879412843
44,1,1,0.0,1.0,0.0,0.0,0.0,1.0,0.0,0.0,0.0,1.0,1.0,0.0,0.0,0.4017182361761858,-0.9194345267892243,-0.22178631905146065
45,0,0,0.0,0.0,0.0,1.0,1.0,0.0,0.0,0.0,0.0,1.0,1.0,0.0,0.0,0.541531936021819,2.0268371814539767,0.5015094154543781
46,1,0,0.0,1.0,0.0,0.0,1.0,0.0,0.0,0.0,1.0,0.0,1.0,0.0,0.0,1.0308798854815355,0.5963321656064363,-1.4894920228399793
47,0,1,0.0,0.0,0.0,1.0,1.0,0.0,0.0,0.0,0.0,1.0,1.0,0.0,0.0,-1.3459530118942304,0.948361492062134,-0.20283533910807633
48,1,0,0.0,0.0,0.0,1.0,1.0,0.0,0.0,0.0,0.0,1.0,1.0,0.0,0.0,-1.3459530118942304,-0.19047935415135292,-0.7825630437397907
49,1,0,0.0,0.0,0.0,1.0,1.0,0.0,1.0,0.0,0.0,0.0,1.0,0.0,0.0,-1.2760461619714139,-0.4179676021195718,0.27467192825326175
50,1,0,0.0,1.0,0.0,0.0,0.0,1.0,0.0,0.0,0.0,1.0,1.0,0.0,0.0,-1.2760461619714139,-0.21729883795391883,0.8816775585610599
51,1,0,1.0,0.0,0.0,0.0,1.0,0.0,0.0,1.0,0.0,0.0,1.0,0.0,0.0,-1.0663256122029638,-1.5042727322344094,-0.038880648991826014
52,1,1,0.0,0.0,0.0,1.0,1.0,0.0,1.0,0.0,0.0,0.0,1.0,0.0,0.0,-0.646884512666064,0.18724668602995245,1.2457660823218397
53,0,0,0.0,0.0,0.0,1.0,1.0,0.0,1.0,0.0,0.0,0.0,1.0,0.0,0.0,0.12209083648491918,1.616411113711462,-1.2597831750413802
54,0,1,0.0,0.0,0.0,1.0,0.0,1.0,0.0,0.0,0.0,1.0,1.0,0.0,0.0,0.19199768640773582,0.4326226180411143,-0.7205416548341691
55,0,0,0.0,0.0,0.0,1.0,1.0,0.0,1.0,0.0,0.0,0.0,1.0,0.0,0.0,0.19199768640773582,1.8909095655709136,-0.6530646807933304
56,1,0,0.0,0.0,0.0,1.0,1.0,0.0,0.0,0.0,0.0,1.0,1.0,0.0,0.0,0.4017182361761858,-1.10129714995508,1.8030971742931905
57,1,0,0.0,0.0,0.0,1.0,0.0,1.0,0.0,1.0,0.0,0.0,1.0,0.0,0.0,0.6114387859446357,0.9291382735768007,1.2538058919947899
58,1,0,0.0,0.0,0.0,1.0,1.0,0.0,0.0,1.0,0.0,0.0,1.0,0.0,0.0,0.8211593357130856,0.07496764588266065,-0.49858548064877256
59,0,0,0.0,0.0,0.0,1.0,1.0,0.0,1.0,0.0,0.0,0.0,1.0,0.0,0.0,1.2406004352499855,0.18524541914051412,0.16613449766842367
60,1,0,0.0,1.0,0.0,0.0,1.0,0.0,0.0,0.0,1.0,0.0,1.0,0.0,0.0,1.2406004352499855,-0.8531090115114094,-0.7911771255322381
61,1,0,0.0,1.0,0.0,0.0,0.0,1.0,0.0,0.0,0.0,1.0,1.0,0.0,0.0,1.5202278349412521,-0.9279896336961276,-2.141865150588001
62,1,0,1.0,0.0,0.0,0.0,1.0,0.0,0.0,1.0,0.0,0.0,1.0,0.0,0.0,-1.3459530118942304,-1.0464282785988177,-1.8590361317359756
63,1,0,1.0,0.0,0.0,0.0,1.0,0.0,0.0,1.0,0.0,0.0,1.0,0.0,0.0,-1.2760461619714139,-0.9151170358074517,-2.1995794985973984
64,0,0,0.0,0.0,0.0,1.0,1.0,0.0,0.0,0.0,0.0,1.0,1.0,0.0,0.0,-1.1362324621257804,2.59173332247253,-0.06673284678740612
65,1,1,0.0,0.0,0.0,1.0,0.0,1.0,0.0,0.0,0.0,1.0,1.0,0.0,0.0,-0.7866982125116972,-0.6389216081303164,0.49691523849840624
66,1,0,1.0,0.0,0.0,0.0,1.0,0.0,0.0,1.0,0.0,0.0,1.0,0.0,0.0,-0.646884512666064,-1.0332767625262627,0.4348938495927846
67,0,0,0.0,0.0,0.0,1.0,1.0,0.0,0.0,0.0,0.0,1.0,1.0,0.0,0.0,-0.437163962897614,1.7008443761494596,-0.9855682379818026
68,1,1,0.0,0.0,0.0,1.0,1.0,0.0,1.0,0.0,0.0,0.0,1.0,0.0,0.0,-0.2973502630519807,-0.8366908336793037,-1.0513223956641515
69,0,1,0.0,0.0,0.0,1.0,0.0,1.0,0.0,0.0,0.0,1.0,1.0,0.0,0.0,-0.08762971328353077,0.3978955199721242,0.3338219565614007
70,0,0,0.0,0.0,0.0,1.0,1.0,0.0,1.0,0.0,0.0,0.0,1.0,0.0,0.0,0.19199768640773582,1.6437511650106906,0.23160151929102446
71,0,0,0.0,0.0,0.0,1.0,1.0,0.0,0.0,0.0,0.0,1.0,1.0,0.0,0.0,0.2619045363305525,0.8027790399135596,0.9807394991742054
72,1,0,0.0,0.0,0.0,1.0,1.0,0.0,0.0,0.0,0.0,1.0,1.0,0.0,0.0,0.47162508609900244,-0.6538133957892313,0.13512380321561285
73,1,0,0.0,0.0,0.0,1.0,1.0,0.0,0.0,0.0,0.0,1.0,1.0,0.0,0.0,0.541531936021819,-0.45582667082907574,0.6539786631806983
74,1,0,1.0,0.0,0.0,0.0,1.0,0.0,0.0,1.0,0.0,0.0,1.0,0.0,0.0,0.6114387859446357,-1.6009475708426115,-0.45551507168653527
75,1,0,1.0,0.0,0.0,0.0,1.0,0.0,0.0,1.0,0.0,0.0,1.0,0.0,0.0,0.8211593357130856,-1.3399658163711987,-2.3204637797514116
76,0,1,0.0,1.0,0.0,0.0,0.0,1.0,0.0,0.0,0.0,1.0,1.0,0.0,0.0,0.9609730355587189,1.1507351170226474,0.3860807194355822
77,1,1,0.0,0.0,0.0,1.0,1.0,0.0,0.0,1.0,0.0,0.0,1.0,0.0,0.0,1.2406004352499855,-0.28918344146766606,1.5581701153279341
78,1,0,1.0,0.0,0.0,0.0,1.0,0.0,0.0,1.0,0.0,0.0,1.0,0.0,0.0,1.3105072851728021,-1.34932305899273,0.4828455715707422
79,0,0,0.0,1.0,0.0,0.0,1.0,0.0,0.0,0.0,0.0,1.0,1.0,0.0,0.0,-1.6954872615083136,0.9330124123348109,-1.2741399780287928
80,1,0,0.0,0.0,0.0,1.0,1.0,0.0,0.0,1.0,0.0,0.0,1.0,0.0,0.0,-1.415859861817047,-0.09047131800770927,-1.5885539634531252
81,1,0,1.0,0.0,0.0,0.0,1.0,0.0,0.0,1.0,0.0,0.0,1.0,0.0,0.0,-0.9964187622801473,-1.0467783630561032,1.0622861401427082
82,1,0,1.0,0.0,0.0,0.0,1.0,0.0,0.0,1.0,0.0,0.0,1.0,0.0,0.0,-0.9265119123573305,-1.2858990599630338,1.9004362985478465
83,1,1,0.0,0.0,0.0,1.0,1.0,0.0,1.0,0.0,0.0,0.0,1.0,0.0,0.0,-0.36725711297479735,-0.5196409267260964,0.2709391594765343
84,1,0,1.0,0.0,0.0,0.0,1.0,0.0,0.0,0.0,0.0,1.0,1.0,0.0,0.0,-0.36725711297479735,-1.08201346469685,-0.7041748994285186
85,0,0,0.0,0.0,0.0,1.0,1.0,0.0,1.0,0.0,0.0,0.0,1.0,0.0,0.0,-0.2973502630519807,1.3176295051496192,0.6258393293253698
86,0,0,0.0,1.0,0.0,0.0,1.0,0.0,0.0,0.0,0.0,1.0,1.0,0.0,0.0,-0.01772286336071412,2.0725213254719494,-0.1919241688376426
87,1,1,0.0,0.0,0.0,1.0,1.0,0.0,1.0,0.0,0.0,0.0,1.0,0.0,0.0,0.33181138625336914,-0.6303914560109746,0.3941205291085332
88,1,1,0.0,0.0,0.0,1.0,0.0,1.0,0.0,0.0,0.0,1.0,1.0,0.0,0.0,0.33181138625336914,-1.0011667300305347,0.7719915837372286
89,0,1,0.0,0.0,0.0,1.0,0.0,1.0,0.0,0.0,1.0,0.0,1.0,0.0,0.0,0.6114387859446357,1.6079789401793168,0.5336686541461821
90,1,0,0.0,1.0,0.0,0.0,1.0,0.0,0.0,0.0,0.0,1.0,1.0,0.0,0.0,0.6114387859446357,0.13641763488494077,-1.521364125472035
91,1,0,0.0,1.0,0.0,0.0,1.0,0.0,0.0,0.0,0.0,1.0,1.0,0.0,0.0,1.170693585327169,-0.22977065842113253,-1.4386689402645394
92,1,0,0.0,0.0,1.0,0.0,1.0,0.0,0.0,0.0,0.0,1.0,1.0,0.0,0.0,1.3105072851728021,-1.6887740307407475,-1.6879030401260193
93,1,0,1.0,0.0,0.0,0.0,1.0,0.0,0.0,1.0,0.0,0.0,1.0,0.0,0.0,1.5901346848640687,-1.6020918642408575,-0.6969964979348124
94,1,1,0.0,0.0,0.0,1.0,1.0,0.0,0.0,1.0,0.0,0.0,1.0,0.0,0.0,-1.415859861817047,0.049143483960241346,1.155318223501141
95,1,0,0.0,0.0,0.0,1.0,1.0,0.0,0.0,0.0,1.0,0.0,1.0,0.0,0.0,-1.1362324621257804,-0.5143680244038892,1.4970101346015574
96,0,0,0.0,1.0,0.0,0.0,1.0,0.0,1.0,0.0,0.0,0.0,1.0,0.0,0.0,-0.7866982125116972,1.3885067764001275,0.745862202300138
97,1,0,1.0,0.0,0.0,0.0,1.0,0.0,0.0,1.0,0.0,0.0,1.0,0.0,0.0,-0.7167913625888807,-1.2148929378939306,-2.0209808694339877
98,1,0,1.0,0.0,0.0,0.0,0.0,1.0,0.0,1.0,0.0,0.0,1.0,0.0,0.0,-0.437163962897614,-1.2576400099685419,-0.07103988768363001
99,0,0,0.0,0.0,0.0,1.0,1.0,0.0,0.0,0.0,0.0,1.0,1.0,0.0,0.0,-0.08762971328353077,2.845874105617619,-0.34554196080295596
100,1,1,0.0,1.0,0.0,0.0,1.0,0.0,0.0,0.0,0.0,1.0,1.0,0.0,0.0,-0.01772286336071412,-0.3458856312476351,0.68154372491653
101,0,1,0.0,0.0,0.0,1.0,1.0,0.0,0.0,0.0,0.0,1.0,1.0,0.0,0.0,0.05218398656210253,0.44522593167669033,-0.047494730784273805
102,0,0,0.0,0.0,0.0,1.0,1.0,0.0,0.0,1.0,0.0,0.0,1.0,0.0,0.0,0.33181138625336914,0.40507082348307677,-0.5244277260261151
103,1,0,1.0,0.0,0.0,0.0,1.0,0.0,0.0,1.0,0.0,0.0,1.0,0.0,0.0,0.4017182361761858,-1.5793802071052312,0.41192296481292434
104,1,0,0.0,0.0,0.0,1.0,1.0,0.0,0.0,0.0,0.0,1.0,1.0,0.0,0.0,1.1007867354043523,0.3808818353844392,-1.1167894172867523
105,1,0,0.0,0.0,0.0,1.0,1.0,0.0,0.0,1.0,0.0,0.0,1.0,0.0,0.0,1.5202278349412521,0.07037961367632221,0.5514710898505737
106,1,1,0.0,0.0,0.0,1.0,0.0,1.0,0.0,1.0,0.0,0.0,1.0,0.0,0.0,1.5202278349412521,-0.81394470939581,-1.265238760176597
107,0,0,0.0,1.0,0.0,0.0,1.0,0.0,1.0,0.0,0.0,0.0,1.0,0.0,0.0,1.5901346848640687,0.6298603109276973,0.8331515644636055
108,0,0,0.0,0.0,0.0,1.0,1.0,0.0,1.0,0.0,0.0,0.0,1.0,0.0,0.0,-1.6954872615083136,0.9376995336734674,0.13426239503636808
109,1,1,0.0,0.0,0.0,1.0,1.0,0.0,1.0,0.0,0.0,0.0,1.0,0.0,0.0,-1.625580411585497,-0.3938271770394929,1.4777720185984242
110,0,0,0.0,0.0,0.0,1.0,1.0,0.0,0.0,0.0,0.0,1.0,0.0,1.0,0.0,-1.415859861817047,1.3359288245285084,-0.1353583650672376
111,1,0,1.0,0.0,0.0,0.0,1.0,0.0,0.0,1.0,0.0,0.0,1.0,0.0,0.0,-1.415859861817047,-0.6566963974023654,0.10784587753952914
112,0,0,0.0,1.0,0.0,0.0,1.0,0.0,1.0,0.0,0.0,0.0,1.0,0.0,0.0,-1.3459530118942304,1.8225314801892256,0.6045912609039996
113,0,0,0.0,1.0,0.0,0.0,1.0,0.0,0.0,0.0,0.0,1.0,1.0,0.0,0.0,-1.1362324621257804,1.4383728766352648,1.1446941892904556
114,1,1,0.0,0.0,0.0,1.0,1.0,0.0,1.0,0.0,0.0,0.0,1.0,0.0,0.0,-1.0663256122029638,-0.470406115113573,0.19858087241997568
115,1,0,1.0,0.0,0.0,0.0,1.0,0.0,0.0,0.0,0.0,1.0,1.0,0.0,0.0,-0.856605062434514,-1.2377094033126321,0.5801846958253986
116,0,1,0.0,1.0,0.0,0.0,1.0,0.0,0.0,0.0,0.0,1.0,1.0,0.0,0.0,-0.2973502630519807,0.28145251246555986,-0.5924789721864498
117,1,1,0.0,0.0,0.0,1.0,1.0,0.0,1.0,0.0,0.0,0.0,1.0,0.0,0.0,-0.2973502630519807,-0.628367592318951,2.090520370101187
118,1,1,0.0,0.0,0.0,1.0,0.0,1.0,0.0,0.0,0.0,1.0,1.0,0.0,0.0,-0.22744341312916405,-0.14173867083846872,-1.0073905785226696
119,1,1,0.0,0.0,0.0,1.0,1.0,0.0,1.0,0.0,0.0,0.0,1.0,0.0,0.0,-0.22744341312916405,-0.6223122627131839,1.3066389269884677
120,0,0,0.0,0.0,0.0,1.0,1.0,0.0,0.0,0.0,0.0,1.0,1.0,0.0,0.0,-0.08762971328353077,1.7264234859186471,-0.6453120071801277
121,1,0,0.0,0.0,0.0,1.0,1.0,0.0,1.0,0.0,0.0,0.0,1.0,0.0,0.0,0.12209083648491918,-0.18590206174506807,-0.8385545753906991
122,0,0,0.0,1.0,0.0,0.0,1.0,0.0,1.0,0.0,0.0,0.0,1.0,0.0,0.0,0.19199768640773582,1.9225562132339697,0.8170719451177039
123,1,0,1.0,0.0,0.0,0.0,1.0,0.0,0.0,1.0,0.0,0.0,1.0,0.0,0.0,0.8910661856359023,-1.0969564128118727,-0.11009039180939184
124,1,1,0.0,0.0,0.0,1.0,0.0,1.0,0.0,1.0,0.0,0.0,1.0,0.0,0.0,1.380414135095619,0.22710919417285463,1.1116735424194069
125,1,1,0.0,1.0,0.0,0.0,0.0,1.0,0.0,0.0,0.0,1.0,1.0,0.0,0.0,1.380414135095619,-1.3682812744075747,-0.12416005873705589
126,1,1,0.0,1.0,0.0,0.0,0.0,1.0,0.0,0.0,1.0,0.0,1.0,0.0,0.0,1.4503209850184355,-0.8366908336793037,0.9092426202968916
127,0,0,0.0,0.0,0.0,1.0,1.0,0.0,0.0,0.0,0.0,1.0,1.0,0.0,0.0,1.4503209850184355,0.6064892396034894,0.5592237634637763
128,1,1,0.0,0.0,0.0,1.0,0.0,1.0,0.0,1.0,0.0,0.0,1.0,0.0,0.0,1.5901346848640687,-1.056344291761316,0.50610359241035
129,1,1,0.0,1.0,0.0,0.0,1.0,0.0,0.0,0.0,0.0,1.0,1.0,0.0,0.0,1.5901346848640687,-1.7509484034606324,0.5253417084134827
130,1,0,1.0,0.0,0.0,0.0,1.0,0.0,0.0,1.0,0.0,0.0,1.0,0.0,0.0,-1.415859861817047,-0.6211544264856826,0.8963214976082203
131,1,1,0.0,0.0,0.0,1.0,0.0,1.0,0.0,1.0,0.0,0.0,1.0,0.0,0.0,-1.3459530118942304,-1.3850729161757547,0.17388717128162628
132,1,1,0.0,0.0,0.0,1.0,0.0,1.0,0.0,0.0,0.0,1.0,1.0,0.0,0.0,-1.3459530118942304,-0.7712648646200525,2.1680471062332143
133,1,1,0.0,0.0,0.0,1.0,0.0,1.0,1.0,0.0,0.0,0.0,1.0,0.0,0.0,-1.2760461619714139,-1.293836992771821,-0.3624829883281028
134,0,0,0.0,0.0,0.0,1.0,1.0,0.0,1.0,0.0,0.0,0.0,1.0,0.0,0.0,-0.7866982125116972,0.8383067919782998,0.7711301755579838
135,1,1,0.0,1.0,0.0,0.0,1.0,0.0,1.0,0.0,0.0,0.0,1.0,0.0,0.0,-0.437163962897614,-0.10089092285307986,0.467627360404085
136,1,0,1.0,0.0,0.0,0.0,1.0,0.0,0.0,1.0,0.0,0.0,1.0,0.0,0.0,-0.15753656320634743,-1.228833388730963,2.3558340893085696
137,1,0,1.0,0.0,0.0,0.0,1.0,0.0,0.0,1.0,0.0,0.0,1.0,0.0,0.0,-0.08762971328353077,-1.3292969785031294,-0.19737975397285967
138,1,0,0.0,0.0,0.0,1.0,1.0,0.0,1.0,0.0,0.0,0.0,1.0,0.0,0.0,0.751252485790269,0.46193515411277286,-1.529403935144986
139,1,0,0.0,0.0,0.0,1.0,0.0,1.0,0.0,0.0,0.0,1.0,1.0,0.0,0.0,0.751252485790269,-0.9358431324634325,1.9785373067993701
140,1,0,0.0,1.0,0.0,0.0,0.0,1.0,0.0,0.0,0.0,1.0,1.0,0.0,0.0,0.8910661856359023,-0.5912077151950951,-0.04462337018679107
141,1,0,0.0,0.0,0.0,1.0,1.0,0.0,0.0,0.0,0.0,1.0,1.0,0.0,0.0,1.0308798854815355,-0.02704866902947174,1.1188519439131133
142,0,0,0.0,0.0,0.0,1.0,1.0,0.0,1.0,0.0,0.0,0.0,1.0,0.0,0.0,1.380414135095619,1.2023307126601892,-0.7604535671391757
143,1,1,0.0,0.0,0.0,1.0,1.0,0.0,0.0,0.0,0.0,1.0,1.0,0.0,0.0,-1.4857667117398639,0.11756377156827226,-0.8379803032712028
144,0,0,0.0,0.0,0.0,1.0,1.0,0.0,0.0,0.0,1.0,0.0,1.0,0.0,0.0,-0.5769776627432474,0.621668457015761,1.5090698491109835
145,1,0,1.0,0.0,0.0,0.0,1.0,0.0,0.0,1.0,0.0,0.0,1.0,0.0,0.0,-0.22744341312916405,-0.9186825566475338,0.9241736954038005
146,1,0,1.0,0.0,0.0,0.0,1.0,0.0,0.0,1.0,0.0,0.0,1.0,0.0,0.0,-0.08762971328353077,-1.1438287732341303,-0.19422125731562895
147,1,0,1.0,0.0,0.0,0.0,1.0,0.0,0.0,1.0,0.0,0.0,1.0,0.0,0.0,0.12209083648491918,-1.271742021762889,-0.7495423968687419
148,1,0,0.0,0.0,0.0,1.0,1.0,0.0,1.0,0.0,0.0,0.0,1.0,0.0,0.0,0.2619045363305525,-0.7032421737217047,1.5340506863090813
149,1,0,0.0,1.0,0.0,0.0,1.0,0.0,0.0,0.0,0.0,1.0,0.0,0.0,1.0,0.541531936021819,-0.6653793679035443,-0.05725735681571396
150,1,1,0.0,1.0,0.0,0.0,1.0,0.0,0.0,0.0,0.0,1.0,1.0,0.0,0.0,0.6114387859446357,-0.9701386240804413,-1.6732591010788584
151,0,0,0.0,0.0,0.0,1.0,1.0,0.0,1.0,0.0,0.0,0.0,1.0,0.0,0.0,0.751252485790269,0.9375756278714527,1.0947325148942602
152,0,0,0.0,0.0,0.0,1.0,1.0,0.0,1.0,0.0,0.0,0.0,1.0,0.0,0.0,1.2406004352499855,0.5699985502132342,0.691880623067467
153,1,0,0.0,1.0,0.0,0.0,1.0,0.0,0.0,1.0,0.0,0.0,1.0,0.0,0.0,1.380414135095619,0.18852528068311328,0.9666698322465413
154,1,0,0.0,0.0,0.0,1.0,1.0,0.0,1.0,0.0,0.0,0.0,1.0,0.0,0.0,1.4503209850184355,0.12340508056812348,0.526490252652476
155,0,0,0.0,0.0,0.0,1.0,1.0,0.0,1.0,0.0,0.0,0.0,1.0,0.0,0.0,1.5202278349412521,4.183290425051763,-0.0678813910263993
156,0,0,0.0,0.0,0.0,1.0,1.0,0.0,0.0,0.0,0.0,1.0,1.0,0.0,0.0,-1.625580411585497,1.4446529918646964,-0.09372363640374186
157,1,1,0.0,1.0,0.0,0.0,0.0,1.0,0.0,0.0,1.0,0.0,1.0,0.0,0.0,-1.4857667117398639,-1.575003157286402,-1.3117548018558134
158,1,1,0.0,1.0,0.0,0.0,0.0,1.0,0.0,1.0,0.0,0.0,1.0,0.0,0.0,-1.2760461619714139,-0.7155867994718784,-1.898948044040982
159,0,0,0.0,0.0,0.0,1.0,1.0,0.0,0.0,0.0,0.0,1.0,1.0,0.0,0.0,-1.0663256122029638,1.2389980440653885,0.013378113882355082
160,1,0,1.0,0.0,0.0,0.0,1.0,0.0,0.0,1.0,0.0,0.0,1.0,0.0,0.0,-0.9265119123573305,-0.5420065520731011,-0.9993507688497185
161,0,1,0.0,0.0,0.0,1.0,0.0,1.0,0.0,0.0,0.0,1.0,1.0,0.0,0.0,-0.5070708128204306,1.1579572435187149,1.155605359560889
162,1,1,0.0,1.0,0.0,0.0,0.0,1.0,0.0,0.0,1.0,0.0,1.0,0.0,0.0,-0.15753656320634743,-0.8685968067939804,-1.3746375989406798
163,1,0,0.0,0.0,0.0,1.0,1.0,0.0,0.0,0.0,0.0,1.0,1.0,0.0,0.0,0.05218398656210253,-0.4172136173402871,0.7286340387152429
164,1,0,0.0,0.0,0.0,1.0,1.0,0.0,0.0,0.0,0.0,1.0,1.0,0.0,0.0,0.19199768640773582,0.10253640635741627,1.6893912946328837
165,0,0,0.0,0.0,0.0,1.0,1.0,0.0,1.0,0.0,0.0,0.0,1.0,0.0,0.0,0.2619045363305525,0.9989414808942809,-0.9178041278812159
166,1,0,0.0,0.0,0.0,1.0,0.0,1.0,0.0,1.0,0.0,0.0,1.0,0.0,0.0,0.751252485790269,0.40549050547944987,1.632251218742982
167,1,1,0.0,0.0,0.0,1.0,1.0,0.0,1.0,0.0,0.0,0.0,1.0,0.0,0.0,1.2406004352499855,-1.0520432277144076,0.2499782271149124
168,0,0,0.0,1.0,0.0,0.0,1.0,0.0,0.0,0.0,0.0,1.0,1.0,0.0,0.0,1.7299483847097021,0.1167183978897594,-0.17929018220871973
169,1,0,0.0,0.0,0.0,1.0,1.0,0.0,0.0,1.0,0.0,0.0,1.0,0.0,0.0,-1.415859861817047,-0.09069483638356328,0.9101040284761364
170,1,1,0.0,1.0,0.0,0.0,1.0,0.0,1.0,0.0,0.0,0.0,1.0,0.0,0.0,-1.2061393120485973,-0.08140219596800945,-0.5942017885449394
171,1,0,1.0,0.0,0.0,0.0,1.0,0.0,0.0,1.0,0.0,0.0,1.0,0.0,0.0,-0.7866982125116972,-0.5236069363152775,-0.45264371108905294
172,0,0,0.0,0.0,0.0,1.0,1.0,0.0,1.0,0.0,0.0,0.0,1.0,0.0,0.0,-0.15753656320634743,1.0750361893056726,-0.6524904086738339
173,0,0,0.0,0.0,0.0,1.0,1.0,0.0,1.0,0.0,0.0,0.0,1.0,0.0,0.0,-0.15753656320634743,1.8232432302051718,-0.6797683343499177
174,0,0,0.0,1.0,0.0,0.0,1.0,0.0,1.0,0.0,0.0,0.0,1.0,0.0,0.0,-0.08762971328353077,0.18704991663464773,-0.3168283548281311
175,0,0,0.0,0.0,0.0,1.0,1.0,0.0,0.0,0.0,0.0,1.0,1.0,0.0,0.0,0.2619045363305525,0.9685207114130653,-1.7459045241951656
176,0,0,0.0,0.0,0.0,1.0,1.0,0.0,1.0,0.0,0.0,0.0,1.0,0.0,0.0,0.6114387859446357,1.13726699342718,-0.4529308471488009
177,0,0,0.0,1.0,0.0,0.0,0.0,1.0,0.0,0.0,0.0,1.0,1.0,0.0,0.0,0.9609730355587189,1.2483503138894536,-0.023088165705672407
