,inside_18,first_touch,bodypart_Head,bodypart_Left Foot,bodypart_Other,bodypart_Right Foot,technique_Ground,technique_Volley,assist_Ground Pass,assist_High Pass,assist_Low Pass,assist_Unassisted,state_of_play_Open Play - Shot,state_of_play_Set Piece - Direct Free Kick,state_of_play_Set Piece - Penalty,time,shot_distance,shot_angle
0,1,1,0.0,1.0,0.0,0.0,0.0,1.0,0.0,0.0,1.0,0.0,1.0,0.0,0.0,-1.4857667117398639,-1.575003157286402,-1.3117548018558134
1,0,0,0.0,1.0,0.0,0.0,1.0,0.0,0.0,0.0,0.0,1.0,1.0,0.0,0.0,1.7299483847097021,0.1167183978897594,-0.17929018220871973
2,1,0,1.0,0.0,0.0,0.0,1.0,0.0,0.0,1.0,0.0,0.0,1.0,0.0,0.0,-0.7167913625888807,-1.2148929378939306,-2.0209808694339877
3,1,1,0.0,0.0,0.0,1.0,0.0,1.0,0.0,0.0,0.0,1.0,1.0,0.0,0.0,-1.3459530118942304,-0.7712648646200525,2.1680471062332143
4,0,0,0.0,0.0,0.0,1.0,1.0,0.0,0.0,0.0,0.0,1.0,1.0,0.0,0.0,-1.1362324621257804,2.59173332247253,-0.06673284678740612
5,1,1,0.0,0.0,0.0,1.0,0.0,1.0,0.0,1.0,0.0,0.0,1.0,0.0,0.0,1.380414135095619,0.22710919417285463,1.1116735424194069
6,0,0,0.0,0.0,0.0,1.0,1.0,0.0,1.0,0.0,0.0,0.0,1.0,0.0,0.0,-1.415859861817047,1.0876777659400962,-0.9212497605981949
7,1,1,0.0,1.0,0.0,0.0,0.0,1.0,0.0,1.0,0.0,0.0,1.0,0.0,0.0,-1.5556735616626804,-0.9638756101648175,-1.1541171050540247
8,1,0,0.0,0.0,0.0,1.0,0.0,1.0,0.0,0.0,0.0,1.0,1.0,0.0,0.0,0.751252485790269,-0.9358431324634325,1.9785373067993701
9,1,0,1.0,0.0,0.0,0.0,1.0,0.0,0.0,0.0,0.0,1.0,1.0,0.0,0.0,-0.36725711297479735,-1.08201346469685,-0.7041748994285186
10,1,0,1.0,0.0,0.0,0.0,1.0,0.0,0.0,1.0,0.0,0.0,1.0,0.0,0.0,-0.9265119123573305,-0.5420065520731011,-0.9993507688497185
11,1,0,0.0,1.0,0.0,0.0,1.0,0.0,0.0,0.0,0.0,1.0,1.0,0.0,0.0,1.170693585327169,-0.22977065842113253,-1.4386689402645394
12,0,0,0.0,1.0,0.0,0.0,1.0,0.0,1.0,0.0,0.0,0.0,1.0,0.0,0.0,0.8910661856359023,1.2175591095706295,1.263855654085979
13,1,0,1.0,0.0,0.0,0.0,1.0,0.0,0.0,1.0,0.0,0.0,1.0,0.0,0.0,-0.9265119123573305,-1.2858990599630338,1.9004362985478465
14,1,0,0.0,0.0,0.0,1.0,1.0,0.0,0.0,0.0,0.0,1.0,1.0,0.0,0.0,0.19199768640773582,0.10253640635741627,1.6893912946328837
15,1,0,0.0,0.0,0.0,1.0,1.0,0.0,0.0,1.0,0.0,0.0,1.0,0.0,0.0,0.8211593357130856,0.07496764588266065,-0.49858548064877256
16,1,0,1.0,0.0,0.0,0.0,1.0,0.0,0.0,1.0,0.0,0.0,1.0,0.0,0.0,-0.08762971328353077,-1.1438287732341303,-0.19422125731562895
17,0,0,0.0,0.0,0.0,1.0,1.0,0.0,1.0,0.0,0.0,0.0,1.0,0.0,0.0,0.6114387859446357,1.13726699342718,-0.4529308471488009
18,1,0,1.0,0.0,0.0,0.0,1.0,0.0,0.0,1.0,0.0,0.0,1.0,0.0,0.0,-0.9964187622801473,-1.0467783630561032,1.0622861401427082
19,1,0,1.0,0.0,0.0,0.0,0.0,1.0,0.0,1.0,0.0,0.0,1.0,0.0,0.0,-0.437163962897614,-1.2576400099685419,-0.07103988768363001
20,0,0,0.0,0.0,0.0,1.0,1.0,0.0,1.0,0.0,0.0,0.0,1.0,0.0,0.0,-0.7866982125116972,0.8383067919782998,0.7711301755579838
21,1,0,1.0,0.0,0.0,0.0,1.0,0.0,0.0,1.0,0.0,0.0,1.0,0.0,0.0,-0.08762971328353077,-1.3292969785031294,-0.19737975397285967
22,1,0,0.0,0.0,0.0,1.0,1.0,0.0,0.0,0.0,0.0,1.0,1.0,0.0,0.0,-0.9964187622801473,-0.13715876014762562,-0.5135165557556814
23,1,0,1.0,0.0,0.0,0.0,1.0,0.0,0.0,1.0,0.0,0.0,1.0,0.0,0.0,0.9609730355587189,-1.1567545645718147,0.7289211747749913
24,1,1,0.0,0.0,0.0,1.0,1.0,0.0,1.0,0.0,0.0,0.0,1.0,0.0,0.0,-0.36725711297479735,-0.5196409267260964,0.2709391594765343
25,1,0,1.0,0.0,0.0,0.0,1.0,0.0,0.0,0.0,0.0,1.0,1.0,0.0,0.0,1.5202278349412521,-1.410623073527349,0.6539786631806983
26,0,0,0.0,0.0,0.0,1.0,1.0,0.0,1.0,0.0,0.0,0.0,1.0,0.0,0.0,-0.15753656320634743,1.0750361893056726,-0.6524904086738339
27,1,1,0.0,0.0,0.0,1.0,1.0,0.0,1.0,0.0,0.0,0.0,1.0,0.0,0.0,-1.625580411585497,-0.3938271770394929,1.4777720185984242
28,1,0,0.0,1.0,0.0,0.0,1.0,0.0,0.0,0.0,1.0,0.0,1.0,0.0,0.0,1.0308798854815355,0.5963321656064363,-1.4894920228399793
29,1,1,0.0,0.0,0.0,1.0,0.0,1.0,0.0,1.0,0.0,0.0,1.0,0.0,0.0,1.5901346848640687,-1.056344291761316,0.50610359241035
30,0,0,0.0,0.0,0.0,1.0,1.0,0.0,1.0,0.0,0.0,0.0,1.0,0.0,0.0,0.19199768640773582,1.8909095655709136,-0.6530646807933304
31,0,0,0.0,1.0,0.0,0.0,1.0,0.0,1.0,0.0,0.0,0.0,1.0,0.0,0.0,0.05218398656210253,0.9948570573714431,0.03922035925969764
32,1,0,0.0,0.0,0.0,1.0,1.0,0.0,1.0,0.0,0.0,0.0,1.0,0.0,0.0,-1.415859861817047,-0.44047356230002604,1.8737326449912592
33,0,0,0.0,0.0,0.0,1.0,1.0,0.0,1.0,0.0,0.0,0.0,1.0,0.0,0.0,1.5202278349412521,4.183290425051763,-0.0678813910263993
34,0,0,0.0,0.0,0.0,1.0,0.0,1.0,1.0,0.0,0.0,0.0,1.0,0.0,0.0,-0.646884512666064,1.5537834756279834,-0.5743894004223102
35,0,0,0.0,1.0,0.0,0.0,1.0,0.0,0.0,0.0,0.0,1.0,1.0,0.0,0.0,-1.6954872615083136,0.9330124123348109,-1.2741399780287928
